{
  "learning_rate": 0.012266116975888468,
  "num_leaves": 224,
  "max_depth": 5,
  "min_data_in_leaf": 91,
  "feature_fraction": 0.6155036292044797,
  "bagging_fraction": 0.7244278109981884,
  "bagging_freq": 2,
  "lambda_l1": 1.4541954920763849,
  "lambda_l2": 0.8855275114436418,
  "min_gain_to_split": 0.3865139108155321
}